year,PM2.5,PM10,NO2,SO2,CO,O3
2013,62.98690589435883,83.57688397303707,47.028549594725234,12.522678203192319,984.1579053065016,50.49617574273878
2014,61.960635875873926,88.9471735047205,48.26951066610913,11.305961174505036,911.5935782776646,56.20147643637521
2015,58.60312949412093,79.9844746262498,43.347647965139494,9.006479134637042,916.7807702511061,55.88582258904711
2016,57.63477407567287,78.07189199642008,43.41181133023545,8.013577484059246,917.3611889600378,52.53781796370747
2017,52.11941869365538,65.80612592034602,46.47431292979855,14.021970856721666,972.8576302449703,42.79029880365141
